[
  {
    "text": "1",
    "entities": [
      {
        "start": 0,
        "end": 1,
        "value": "1",
        "entity": "co"
      }
    ],
    "predicted_entities": [
      {
        "entity": "diemTN",
        "start": 0,
        "end": 1,
        "confidence_entity": 0.8191975951194763,
        "value": "1",
        "extractor": "DIETClassifier",
        "processors": [
          "EntitySynonymMapper"
        ]
      }
    ]
  },
  {
    "text": "Có ạ.",
    "entities": [
      {
        "start": 0,
        "end": 5,
        "value": "Có ạ.",
        "entity": "co"
      }
    ],
    "predicted_entities": []
  },
  {
    "text": "Phải ạ.",
    "entities": [
      {
        "start": 0,
        "end": 7,
        "value": "Phải ạ.",
        "entity": "co"
      }
    ],
    "predicted_entities": []
  },
  {
    "text": "Đúng rồi.",
    "entities": [
      {
        "start": 0,
        "end": 9,
        "value": "Đúng rồi.",
        "entity": "co"
      }
    ],
    "predicted_entities": []
  },
  {
    "text": "more",
    "entities": [
      {
        "start": 0,
        "end": 4,
        "value": "more",
        "entity": "co"
      }
    ],
    "predicted_entities": []
  },
  {
    "text": "Không ạ.",
    "entities": [
      {
        "start": 0,
        "end": 8,
        "value": "Không ạ.",
        "entity": "khong"
      }
    ],
    "predicted_entities": []
  },
  {
    "text": "0",
    "entities": [
      {
        "start": 0,
        "end": 1,
        "value": "0",
        "entity": "khong"
      }
    ],
    "predicted_entities": [
      {
        "entity": "diemTN",
        "start": 0,
        "end": 1,
        "confidence_entity": 0.8191975951194763,
        "value": "0",
        "extractor": "DIETClassifier",
        "processors": [
          "EntitySynonymMapper"
        ]
      }
    ]
  },
  {
    "text": "thông tin tuyển sinh ngành an toàn trường hoc vien co so4",
    "entities": [
      {
        "start": 27,
        "end": 34,
        "value": "an toàn",
        "entity": "attt"
      },
      {
        "start": 42,
        "end": 56,
        "value": "hoc vien co so",
        "entity": "ptit2"
      }
    ],
    "predicted_entities": [
      {
        "entity": "attt",
        "start": 27,
        "end": 34,
        "confidence_entity": 0.9654468894004822,
        "value": "an toàn",
        "extractor": "DIETClassifier",
        "processors": [
          "EntitySynonymMapper"
        ]
      }
    ]
  },
  {
    "text": "chi tiết",
    "entities": [],
    "predicted_entities": [
      {
        "entity": "co",
        "start": 0,
        "end": 8,
        "confidence_entity": 0.7067727446556091,
        "value": "chi tiết",
        "extractor": "DIETClassifier",
        "processors": [
          "EntitySynonymMapper"
        ]
      }
    ]
  },
  {
    "text": "kể chi tiết hơn đi",
    "entities": [],
    "predicted_entities": [
      {
        "entity": "co",
        "start": 0,
        "end": 18,
        "confidence_entity": 0.4971284568309784,
        "value": "kể chi tiết hơn đi",
        "extractor": "DIETClassifier",
        "processors": [
          "EntitySynonymMapper"
        ]
      }
    ]
  },
  {
    "text": "thông tin chi tiết",
    "entities": [],
    "predicted_entities": [
      {
        "entity": "co",
        "start": 0,
        "end": 18,
        "confidence_entity": 0.5601889491081238,
        "value": "thông tin chi tiết",
        "extractor": "DIETClassifier",
        "processors": [
          "EntitySynonymMapper"
        ]
      }
    ]
  },
  {
    "text": "chi tiet",
    "entities": [],
    "predicted_entities": [
      {
        "entity": "co",
        "start": 0,
        "end": 8,
        "confidence_entity": 0.764136791229248,
        "value": "chi tiet",
        "extractor": "DIETClassifier",
        "processors": [
          "EntitySynonymMapper"
        ]
      }
    ]
  },
  {
    "text": "tiếp tục đi",
    "entities": [],
    "predicted_entities": [
      {
        "entity": "co",
        "start": 0,
        "end": 11,
        "confidence_entity": 0.5776576399803162,
        "value": "tiếp tục đi",
        "extractor": "DIETClassifier",
        "processors": [
          "EntitySynonymMapper"
        ]
      }
    ]
  },
  {
    "text": "thêm nữa",
    "entities": [],
    "predicted_entities": [
      {
        "entity": "co",
        "start": 0,
        "end": 8,
        "confidence_entity": 0.8417419791221619,
        "value": "thêm nữa",
        "extractor": "DIETClassifier",
        "processors": [
          "EntitySynonymMapper"
        ]
      }
    ]
  },
  {
    "text": "hoc vien cong nghe buu chinh vien thong co so 2",
    "entities": [
      {
        "start": 0,
        "end": 47,
        "value": "hoc vien cong nghe buu chinh vien thong co so 2",
        "entity": "ptit2"
      }
    ],
    "predicted_entities": [
      {
        "entity": "ptit1",
        "start": 0,
        "end": 47,
        "confidence_entity": 0.5890541672706604,
        "value": "hoc vien cong nghe buu chinh vien thong co so 2",
        "extractor": "DIETClassifier",
        "processors": [
          "EntitySynonymMapper"
        ]
      }
    ]
  },
  {
    "text": "hojc vieejn coong ngheej buuw chisnh vieexn thoong co so 2",
    "entities": [
      {
        "start": 0,
        "end": 58,
        "value": "hojc vieejn coong ngheej buuw chisnh vieexn thoong co so 2",
        "entity": "ptit2"
      }
    ],
    "predicted_entities": [
      {
        "entity": "ptit1",
        "start": 0,
        "end": 58,
        "confidence_entity": 0.5013158321380615,
        "value": "hojc vieejn coong ngheej buuw chisnh vieexn thoong co so 2",
        "extractor": "DIETClassifier",
        "processors": [
          "EntitySynonymMapper"
        ]
      }
    ]
  },
  {
    "text": "hoc vien cong nghe buu chinh vien thong 2",
    "entities": [
      {
        "start": 0,
        "end": 41,
        "value": "hoc vien cong nghe buu chinh vien thong 2",
        "entity": "ptit2"
      }
    ],
    "predicted_entities": [
      {
        "entity": "ptit1",
        "start": 0,
        "end": 41,
        "confidence_entity": 0.5107386708259583,
        "value": "hoc vien cong nghe buu chinh vien thong 2",
        "extractor": "DIETClassifier",
        "processors": [
          "EntitySynonymMapper"
        ]
      }
    ]
  },
  {
    "text": "hoc phi của trường đại học (SPKT)(spkt)",
    "entities": [],
    "predicted_entities": [
      {
        "entity": "spkt",
        "start": 28,
        "end": 38,
        "confidence_entity": 0.9958005547523499,
        "value": "SPKT)(spkt",
        "extractor": "DIETClassifier"
      }
    ]
  }
]