{
  "uu_tien": {
    "precision": 1.0,
    "recall": 1.0,
    "f1-score": 1.0,
    "support": 2,
    "confused_with": {}
  },
  "diem": {
    "precision": 1.0,
    "recall": 1.0,
    "f1-score": 1.0,
    "support": 19,
    "confused_with": {}
  },
  "entity_above": {
    "precision": 1.0,
    "recall": 1.0,
    "f1-score": 1.0,
    "support": 6,
    "confused_with": {}
  },
  "soThich": {
    "precision": 1.0,
    "recall": 1.0,
    "f1-score": 1.0,
    "support": 14,
    "confused_with": {}
  },
  "ut2": {
    "precision": 1.0,
    "recall": 1.0,
    "f1-score": 1.0,
    "support": 9,
    "confused_with": {}
  },
  "qghn": {
    "precision": 1.0,
    "recall": 1.0,
    "f1-score": 1.0,
    "support": 12,
    "confused_with": {}
  },
  "kv1": {
    "precision": 1.0,
    "recall": 1.0,
    "f1-score": 1.0,
    "support": 41,
    "confused_with": {}
  },
  "khtn_hcm": {
    "precision": 1.0,
    "recall": 1.0,
    "f1-score": 1.0,
    "support": 15,
    "confused_with": {}
  },
  "kv2nt": {
    "precision": 1.0,
    "recall": 1.0,
    "f1-score": 1.0,
    "support": 1,
    "confused_with": {}
  },
  "diemTN": {
    "precision": 0.7142857142857143,
    "recall": 1.0,
    "f1-score": 0.8333333333333333,
    "support": 5,
    "confused_with": {}
  },
  "sp": {
    "precision": 1.0,
    "recall": 1.0,
    "f1-score": 1.0,
    "support": 4,
    "confused_with": {}
  },
  "iot": {
    "precision": 1.0,
    "recall": 1.0,
    "f1-score": 1.0,
    "support": 8,
    "confused_with": {}
  },
  "ptit2": {
    "precision": 1.0,
    "recall": 0.7426470588235294,
    "f1-score": 0.8523206751054853,
    "support": 136,
    "confused_with": {
      "ptit1": 31
    }
  },
  "khong": {
    "precision": 1.0,
    "recall": 0.7857142857142857,
    "f1-score": 0.88,
    "support": 14,
    "confused_with": {
      "diemTN": 1
    }
  },
  "QTDK": {
    "precision": 1.0,
    "recall": 1.0,
    "f1-score": 1.0,
    "support": 1,
    "confused_with": {}
  },
  "BKHN": {
    "precision": 1.0,
    "recall": 1.0,
    "f1-score": 1.0,
    "support": 1,
    "confused_with": {}
  },
  "bkhn": {
    "precision": 1.0,
    "recall": 1.0,
    "f1-score": 1.0,
    "support": 66,
    "confused_with": {}
  },
  "qtkd": {
    "precision": 1.0,
    "recall": 1.0,
    "f1-score": 1.0,
    "support": 5,
    "confused_with": {}
  },
  "khu_vuc_hcm": {
    "precision": 1.0,
    "recall": 1.0,
    "f1-score": 1.0,
    "support": 11,
    "confused_with": {}
  },
  "google": {
    "precision": 1.0,
    "recall": 1.0,
    "f1-score": 1.0,
    "support": 4,
    "confused_with": {}
  },
  "httt": {
    "precision": 1.0,
    "recall": 1.0,
    "f1-score": 1.0,
    "support": 1,
    "confused_with": {}
  },
  "trieu": {
    "precision": 1.0,
    "recall": 1.0,
    "f1-score": 1.0,
    "support": 1,
    "confused_with": {}
  },
  "dt": {
    "precision": 1.0,
    "recall": 1.0,
    "f1-score": 1.0,
    "support": 5,
    "confused_with": {}
  },
  "food": {
    "precision": 1.0,
    "recall": 1.0,
    "f1-score": 1.0,
    "support": 9,
    "confused_with": {}
  },
  "ptit1": {
    "precision": 0.6736842105263158,
    "recall": 1.0,
    "f1-score": 0.8050314465408805,
    "support": 64,
    "confused_with": {}
  },
  "ut1": {
    "precision": 1.0,
    "recall": 1.0,
    "f1-score": 1.0,
    "support": 3,
    "confused_with": {}
  },
  "kv2": {
    "precision": 1.0,
    "recall": 1.0,
    "f1-score": 1.0,
    "support": 1,
    "confused_with": {}
  },
  "khoi": {
    "precision": 1.0,
    "recall": 1.0,
    "f1-score": 1.0,
    "support": 4,
    "confused_with": {}
  },
  "vnd": {
    "precision": 1.0,
    "recall": 1.0,
    "f1-score": 1.0,
    "support": 6,
    "confused_with": {}
  },
  "spkt": {
    "precision": 0.9615384615384616,
    "recall": 1.0,
    "f1-score": 0.9803921568627451,
    "support": 25,
    "confused_with": {}
  },
  "cntt": {
    "precision": 1.0,
    "recall": 1.0,
    "f1-score": 1.0,
    "support": 66,
    "confused_with": {}
  },
  "ten": {
    "precision": 1.0,
    "recall": 1.0,
    "f1-score": 1.0,
    "support": 2,
    "confused_with": {}
  },
  "khu_vuc_hn": {
    "precision": 1.0,
    "recall": 1.0,
    "f1-score": 1.0,
    "support": 14,
    "confused_with": {}
  },
  "co": {
    "precision": 0.6538461538461539,
    "recall": 0.8095238095238095,
    "f1-score": 0.7234042553191489,
    "support": 42,
    "confused_with": {
      "diemTN": 1
    }
  },
  "attt": {
    "precision": 1.0,
    "recall": 1.0,
    "f1-score": 1.0,
    "support": 27,
    "confused_with": {}
  },
  "dh_cntt": {
    "precision": 1.0,
    "recall": 1.0,
    "f1-score": 1.0,
    "support": 43,
    "confused_with": {}
  },
  "nam": {
    "precision": 1.0,
    "recall": 1.0,
    "f1-score": 1.0,
    "support": 2,
    "confused_with": {}
  },
  "khmt": {
    "precision": 1.0,
    "recall": 1.0,
    "f1-score": 1.0,
    "support": 1,
    "confused_with": {}
  },
  "bkhcm": {
    "precision": 1.0,
    "recall": 1.0,
    "f1-score": 1.0,
    "support": 59,
    "confused_with": {}
  },
  "micro avg": {
    "precision": 0.9311258278145695,
    "recall": 0.9385847797062751,
    "f1-score": 0.9348404255319148,
    "support": 749
  },
  "macro avg": {
    "precision": 0.9744449882101704,
    "recall": 0.9830226962579903,
    "f1-score": 0.976268765824656,
    "support": 749
  },
  "weighted avg": {
    "precision": 0.9495156449200438,
    "recall": 0.9385847797062751,
    "f1-score": 0.9370054388579464,
    "support": 749
  },
  "accuracy": 0.9783044058744993
}