[
  {
    "text": "1",
    "intent": "dong_y",
    "intent_prediction": {
      "name": "inform_diem_trac_nghiem",
      "confidence": 0.8347736540675684
    }
  },
  {
    "text": "chi tiết",
    "intent": "dong_y",
    "intent_prediction": {
      "name": "intent_ke_chi_tiet_di",
      "confidence": 0.6629703034893165
    }
  },
  {
    "text": "kể chi tiết hơn đi",
    "intent": "dong_y",
    "intent_prediction": {
      "name": "intent_ke_chi_tiet_di",
      "confidence": 0.7620967019180266
    }
  },
  {
    "text": "thông tin chi tiết",
    "intent": "dong_y",
    "intent_prediction": {
      "name": "intent_ke_chi_tiet_di",
      "confidence": 0.7397212925844519
    }
  },
  {
    "text": "chi tiet",
    "intent": "dong_y",
    "intent_prediction": {
      "name": "intent_ke_chi_tiet_di",
      "confidence": 0.6522725922900487
    }
  },
  {
    "text": "tiếp tục đi",
    "intent": "dong_y",
    "intent_prediction": {
      "name": "intent_ke_chi_tiet_di",
      "confidence": 0.6233623824912263
    }
  },
  {
    "text": "more",
    "intent": "dong_y",
    "intent_prediction": {
      "name": "intent_ke_chi_tiet_di",
      "confidence": 0.5628467628528625
    }
  },
  {
    "text": "thêm nữa",
    "intent": "dong_y",
    "intent_prediction": {
      "name": "intent_ke_chi_tiet_di",
      "confidence": 0.636762514154357
    }
  },
  {
    "text": "0",
    "intent": "khong_dong_y",
    "intent_prediction": {
      "name": "inform_diem_trac_nghiem",
      "confidence": 0.8347736540675684
    }
  },
  {
    "text": "tuyển sinh đại học",
    "intent": "intent_quy_che_tuyen_sinh",
    "intent_prediction": {
      "name": "hoi_co_ban_2",
      "confidence": 0.557097356169505
    }
  },
  {
    "text": "Điện Tử",
    "intent": "inform_nganh",
    "intent_prediction": {
      "name": "so_thich",
      "confidence": 0.6109170718025253
    }
  },
  {
    "text": "điểm ưu tiên",
    "intent": "intent_quyen_uu_tien",
    "intent_prediction": {
      "name": "intent_chi_tiet_tt_ve_diem_uu_tien",
      "confidence": 0.5768698378417589
    }
  },
  {
    "text": "toi co 23 diem thuoc uu tien 2 thi diem cua toi se la",
    "intent": "intent_tinh_diem_cong_uu_tien",
    "intent_prediction": {
      "name": "inform_diem_va_nganh",
      "confidence": 0.8962703871671576
    }
  },
  {
    "text": "hoc phi BKHN",
    "intent": "intent_hoi_hoc_phi_cua_truong",
    "intent_prediction": {
      "name": "inform_truong",
      "confidence": 0.4467749248777672
    }
  }
]