{
  "intent_quy_che_tuyen_sinh": {
    "precision": 1.0,
    "recall": 0.8333333333333334,
    "f1-score": 0.9090909090909091,
    "support": 6,
    "confused_with": {
      "hoi_co_ban_2": 1
    }
  },
  "tuyen_sinh_truong": {
    "precision": 1.0,
    "recall": 1.0,
    "f1-score": 1.0,
    "support": 2,
    "confused_with": {}
  },
  "hoi_top_truong": {
    "precision": 1.0,
    "recall": 1.0,
    "f1-score": 1.0,
    "support": 3,
    "confused_with": {}
  },
  "khong_biet_chon_nganh_nao": {
    "precision": 1.0,
    "recall": 1.0,
    "f1-score": 1.0,
    "support": 11,
    "confused_with": {}
  },
  "inform_nganh": {
    "precision": 1.0,
    "recall": 0.9473684210526315,
    "f1-score": 0.972972972972973,
    "support": 19,
    "confused_with": {
      "so_thich": 1
    }
  },
  "intent_cac_nganh_cua_truong": {
    "precision": 1.0,
    "recall": 1.0,
    "f1-score": 1.0,
    "support": 19,
    "confused_with": {}
  },
  "thi_sinh_tu_do": {
    "precision": 1.0,
    "recall": 1.0,
    "f1-score": 1.0,
    "support": 4,
    "confused_with": {}
  },
  "hoi_thi_nang_luc": {
    "precision": 1.0,
    "recall": 1.0,
    "f1-score": 1.0,
    "support": 16,
    "confused_with": {}
  },
  "hoi_co_ban_2": {
    "precision": 0.8,
    "recall": 1.0,
    "f1-score": 0.888888888888889,
    "support": 4,
    "confused_with": {}
  },
  "inform_diem": {
    "precision": 1.0,
    "recall": 1.0,
    "f1-score": 1.0,
    "support": 6,
    "confused_with": {}
  },
  "inform_diem_va_nganh": {
    "precision": 0.9166666666666666,
    "recall": 1.0,
    "f1-score": 0.9565217391304348,
    "support": 11,
    "confused_with": {}
  },
  "intent_thong_tin_dao_tao": {
    "precision": 1.0,
    "recall": 1.0,
    "f1-score": 1.0,
    "support": 4,
    "confused_with": {}
  },
  "intent_phuong_thuc_xet_tuyen": {
    "precision": 1.0,
    "recall": 1.0,
    "f1-score": 1.0,
    "support": 10,
    "confused_with": {}
  },
  "intent_quyen_uu_tien": {
    "precision": 1.0,
    "recall": 0.9,
    "f1-score": 0.9473684210526316,
    "support": 10,
    "confused_with": {
      "intent_chi_tiet_tt_ve_diem_uu_tien": 1
    }
  },
  "search_google": {
    "precision": 1.0,
    "recall": 1.0,
    "f1-score": 1.0,
    "support": 3,
    "confused_with": {}
  },
  "khong_dong_y": {
    "precision": 1.0,
    "recall": 0.8888888888888888,
    "f1-score": 0.9411764705882353,
    "support": 9,
    "confused_with": {
      "inform_diem_trac_nghiem": 1
    }
  },
  "so_thich": {
    "precision": 0.875,
    "recall": 1.0,
    "f1-score": 0.9333333333333333,
    "support": 7,
    "confused_with": {}
  },
  "khoi_thi": {
    "precision": 1.0,
    "recall": 1.0,
    "f1-score": 1.0,
    "support": 5,
    "confused_with": {}
  },
  "greet": {
    "precision": 1.0,
    "recall": 1.0,
    "f1-score": 1.0,
    "support": 23,
    "confused_with": {}
  },
  "hoi_truong_theo_nganh": {
    "precision": 1.0,
    "recall": 1.0,
    "f1-score": 1.0,
    "support": 10,
    "confused_with": {}
  },
  "hoi_nganh_hot": {
    "precision": 1.0,
    "recall": 1.0,
    "f1-score": 1.0,
    "support": 6,
    "confused_with": {}
  },
  "test_nghe_nghiep": {
    "precision": 1.0,
    "recall": 1.0,
    "f1-score": 1.0,
    "support": 5,
    "confused_with": {}
  },
  "giay_to_can_de_du_thi": {
    "precision": 1.0,
    "recall": 1.0,
    "f1-score": 1.0,
    "support": 3,
    "confused_with": {}
  },
  "intent_gioi_thieu_ve_truong": {
    "precision": 1.0,
    "recall": 1.0,
    "f1-score": 1.0,
    "support": 6,
    "confused_with": {}
  },
  "intent_hoi_ma_truong": {
    "precision": 1.0,
    "recall": 1.0,
    "f1-score": 1.0,
    "support": 6,
    "confused_with": {}
  },
  "intent_xet_hoc_ba_co_duoc_tinh_diem_uu_tien": {
    "precision": 1.0,
    "recall": 1.0,
    "f1-score": 1.0,
    "support": 3,
    "confused_with": {}
  },
  "thanks": {
    "precision": 1.0,
    "recall": 1.0,
    "f1-score": 1.0,
    "support": 5,
    "confused_with": {}
  },
  "dong_y": {
    "precision": 1.0,
    "recall": 0.6363636363636364,
    "f1-score": 0.7777777777777778,
    "support": 22,
    "confused_with": {
      "intent_ke_chi_tiet_di": 7,
      "inform_diem_trac_nghiem": 1
    }
  },
  "clear_slots": {
    "precision": 1.0,
    "recall": 1.0,
    "f1-score": 1.0,
    "support": 4,
    "confused_with": {}
  },
  "inform_diem_trac_nghiem": {
    "precision": 0.7142857142857143,
    "recall": 1.0,
    "f1-score": 0.8333333333333333,
    "support": 5,
    "confused_with": {}
  },
  "hoi_khoi_thi_cua_nganh": {
    "precision": 1.0,
    "recall": 1.0,
    "f1-score": 1.0,
    "support": 6,
    "confused_with": {}
  },
  "intent_giay_to_nhap_hoc": {
    "precision": 1.0,
    "recall": 1.0,
    "f1-score": 1.0,
    "support": 3,
    "confused_with": {}
  },
  "inform_food": {
    "precision": 1.0,
    "recall": 1.0,
    "f1-score": 1.0,
    "support": 4,
    "confused_with": {}
  },
  "intent_dieu_kien_tham_gia_tuyen_sinh": {
    "precision": 1.0,
    "recall": 1.0,
    "f1-score": 1.0,
    "support": 4,
    "confused_with": {}
  },
  "diem_can_de_do_truong": {
    "precision": 1.0,
    "recall": 1.0,
    "f1-score": 1.0,
    "support": 19,
    "confused_with": {}
  },
  "hoi_diem_chuan": {
    "precision": 1.0,
    "recall": 1.0,
    "f1-score": 1.0,
    "support": 3,
    "confused_with": {}
  },
  "intent_nganh_va_truong": {
    "precision": 1.0,
    "recall": 1.0,
    "f1-score": 1.0,
    "support": 1,
    "confused_with": {}
  },
  "order_food": {
    "precision": 1.0,
    "recall": 1.0,
    "f1-score": 1.0,
    "support": 3,
    "confused_with": {}
  },
  "affirm": {
    "precision": 1.0,
    "recall": 1.0,
    "f1-score": 1.0,
    "support": 6,
    "confused_with": {}
  },
  "doi_nguyen_vong": {
    "precision": 1.0,
    "recall": 1.0,
    "f1-score": 1.0,
    "support": 9,
    "confused_with": {}
  },
  "intent_truong_co_may_co_so": {
    "precision": 1.0,
    "recall": 1.0,
    "f1-score": 1.0,
    "support": 4,
    "confused_with": {}
  },
  "mood_unhappy": {
    "precision": 1.0,
    "recall": 1.0,
    "f1-score": 1.0,
    "support": 14,
    "confused_with": {}
  },
  "intent_cac_nganh_va_truong_ma_bot_co": {
    "precision": 1.0,
    "recall": 1.0,
    "f1-score": 1.0,
    "support": 16,
    "confused_with": {}
  },
  "hoi_nganh": {
    "precision": 1.0,
    "recall": 1.0,
    "f1-score": 1.0,
    "support": 10,
    "confused_with": {}
  },
  "intent_diem_chuan_nganh_truong": {
    "precision": 1.0,
    "recall": 1.0,
    "f1-score": 1.0,
    "support": 14,
    "confused_with": {}
  },
  "intent_ho_so_xthb_dai_hoc_can_j": {
    "precision": 1.0,
    "recall": 1.0,
    "f1-score": 1.0,
    "support": 5,
    "confused_with": {}
  },
  "tieng_viet": {
    "precision": 1.0,
    "recall": 1.0,
    "f1-score": 1.0,
    "support": 1,
    "confused_with": {}
  },
  "mood_great": {
    "precision": 1.0,
    "recall": 1.0,
    "f1-score": 1.0,
    "support": 14,
    "confused_with": {}
  },
  "intent_tinh_diem_cong_uu_tien": {
    "precision": 1.0,
    "recall": 0.9411764705882353,
    "f1-score": 0.9696969696969697,
    "support": 17,
    "confused_with": {
      "inform_diem_va_nganh": 1
    }
  },
  "intent_hoc_bong_cua_truong": {
    "precision": 1.0,
    "recall": 1.0,
    "f1-score": 1.0,
    "support": 5,
    "confused_with": {}
  },
  "xung_ten": {
    "precision": 1.0,
    "recall": 1.0,
    "f1-score": 1.0,
    "support": 2,
    "confused_with": {}
  },
  "goodbye": {
    "precision": 1.0,
    "recall": 1.0,
    "f1-score": 1.0,
    "support": 10,
    "confused_with": {}
  },
  "intent_thong_tin_ts_nganh_cua_truong": {
    "precision": 1.0,
    "recall": 1.0,
    "f1-score": 1.0,
    "support": 34,
    "confused_with": {}
  },
  "order_pizza": {
    "precision": 1.0,
    "recall": 1.0,
    "f1-score": 1.0,
    "support": 5,
    "confused_with": {}
  },
  "inform_truong": {
    "precision": 0.9791666666666666,
    "recall": 1.0,
    "f1-score": 0.9894736842105264,
    "support": 47,
    "confused_with": {}
  },
  "intent_ke_chi_tiet_di": {
    "precision": 0.5,
    "recall": 1.0,
    "f1-score": 0.6666666666666666,
    "support": 7,
    "confused_with": {}
  },
  "intent_chi_tiet_tt_ve_diem_uu_tien": {
    "precision": 0.8333333333333334,
    "recall": 1.0,
    "f1-score": 0.9090909090909091,
    "support": 5,
    "confused_with": {}
  },
  "bot_challenge": {
    "precision": 1.0,
    "recall": 1.0,
    "f1-score": 1.0,
    "support": 4,
    "confused_with": {}
  },
  "intent_nhiem_vu_thi_sinh": {
    "precision": 1.0,
    "recall": 1.0,
    "f1-score": 1.0,
    "support": 7,
    "confused_with": {}
  },
  "intent_hoi_hoc_phi_cua_truong": {
    "precision": 1.0,
    "recall": 0.875,
    "f1-score": 0.9333333333333333,
    "support": 8,
    "confused_with": {
      "inform_truong": 1
    }
  },
  "intent_hoi_bot_lam_duoc_gi": {
    "precision": 1.0,
    "recall": 1.0,
    "f1-score": 1.0,
    "support": 4,
    "confused_with": {}
  },
  "chao": {
    "precision": 1.0,
    "recall": 1.0,
    "f1-score": 1.0,
    "support": 2,
    "confused_with": {}
  },
  "intent_hoi_cac_truong_co_hoc_phi_phu_hop": {
    "precision": 1.0,
    "recall": 1.0,
    "f1-score": 1.0,
    "support": 5,
    "confused_with": {}
  },
  "choose_option": {
    "precision": 1.0,
    "recall": 1.0,
    "f1-score": 1.0,
    "support": 3,
    "confused_with": {}
  },
  "deny": {
    "precision": 1.0,
    "recall": 1.0,
    "f1-score": 1.0,
    "support": 7,
    "confused_with": {}
  },
  "intent_nganh_hot_cua_truong": {
    "precision": 1.0,
    "recall": 1.0,
    "f1-score": 1.0,
    "support": 9,
    "confused_with": {}
  },
  "xem_ket_qua_thi": {
    "precision": 1.0,
    "recall": 1.0,
    "f1-score": 1.0,
    "support": 4,
    "confused_with": {}
  },
  "accuracy": 0.9753521126760564,
  "macro avg": {
    "precision": 0.9793798862828713,
    "recall": 0.9854049365705481,
    "f1-score": 0.9795332150621928,
    "support": 568
  },
  "weighted avg": {
    "precision": 0.9835691230717638,
    "recall": 0.9753521126760564,
    "f1-score": 0.9761313551152905,
    "support": 568
  },
  "micro avg": {
    "precision": 0.9753521126760564,
    "recall": 0.9753521126760564,
    "f1-score": 0.9753521126760564,
    "support": 568
  }
}