{
  "deny": {
    "precision": 1.0,
    "recall": 1.0,
    "f1-score": 1.0,
    "support": 2
  },
  "goodbye": {
    "precision": 1.0,
    "recall": 1.0,
    "f1-score": 1.0,
    "support": 2
  },
  "utter_iamabot": {
    "precision": 1.0,
    "recall": 1.0,
    "f1-score": 1.0,
    "support": 1
  },
  "utter_greet": {
    "precision": 0.0,
    "recall": 0.0,
    "f1-score": 0.0,
    "support": 5
  },
  "utter_did_that_help": {
    "precision": 1.0,
    "recall": 1.0,
    "f1-score": 1.0,
    "support": 3
  },
  "action_confirm_nganh": {
    "precision": 0.0,
    "recall": 0.0,
    "f1-score": 0.0,
    "support": 1
  },
  "inform_nganh": {
    "precision": 1.0,
    "recall": 1.0,
    "f1-score": 1.0,
    "support": 1
  },
  "greet": {
    "precision": 1.0,
    "recall": 1.0,
    "f1-score": 1.0,
    "support": 5
  },
  "utter_goodbye": {
    "precision": 1.0,
    "recall": 1.0,
    "f1-score": 1.0,
    "support": 4
  },
  "utter_happy": {
    "precision": 1.0,
    "recall": 1.0,
    "f1-score": 1.0,
    "support": 3
  },
  "affirm": {
    "precision": 1.0,
    "recall": 1.0,
    "f1-score": 1.0,
    "support": 1
  },
  "bot_challenge": {
    "precision": 1.0,
    "recall": 1.0,
    "f1-score": 1.0,
    "support": 1
  },
  "[Công nghệ thông tin](cntt)": {
    "precision": 1.0,
    "recall": 1.0,
    "f1-score": 1.0,
    "support": 1
  },
  "mood_unhappy": {
    "precision": 1.0,
    "recall": 1.0,
    "f1-score": 1.0,
    "support": 3
  },
  "utter_cheer_up": {
    "precision": 1.0,
    "recall": 1.0,
    "f1-score": 1.0,
    "support": 3
  },
  "action_listen": {
    "precision": 1.0,
    "recall": 1.0,
    "f1-score": 1.0,
    "support": 17
  },
  "mood_great": {
    "precision": 1.0,
    "recall": 1.0,
    "f1-score": 1.0,
    "support": 2
  },
  "micro avg": {
    "precision": 1.0,
    "recall": 0.8909090909090909,
    "f1-score": 0.9423076923076923,
    "support": 55
  },
  "macro avg": {
    "precision": 0.8823529411764706,
    "recall": 0.8823529411764706,
    "f1-score": 0.8823529411764706,
    "support": 55
  },
  "weighted avg": {
    "precision": 0.8909090909090909,
    "recall": 0.8909090909090909,
    "f1-score": 0.8909090909090909,
    "support": 55
  },
  "accuracy": 0.8909090909090909,
  "conversation_accuracy": {
    "accuracy": 0.25,
    "correct": 2,
    "with_warnings": 0,
    "total": 8
  }
}