{
  "cntt": {
    "precision": 1.0,
    "recall": 1.0,
    "f1-score": 1.0,
    "support": 67,
    "confused_with": {}
  },
  "khoi": {
    "precision": 1.0,
    "recall": 1.0,
    "f1-score": 1.0,
    "support": 4,
    "confused_with": {}
  },
  "nam": {
    "precision": 1.0,
    "recall": 1.0,
    "f1-score": 1.0,
    "support": 2,
    "confused_with": {}
  },
  "bkhn": {
    "precision": 1.0,
    "recall": 1.0,
    "f1-score": 1.0,
    "support": 61,
    "confused_with": {}
  },
  "khu_vuc_hn": {
    "precision": 1.0,
    "recall": 1.0,
    "f1-score": 1.0,
    "support": 6,
    "confused_with": {}
  },
  "co": {
    "precision": 1.0,
    "recall": 0.6666666666666666,
    "f1-score": 0.8,
    "support": 21,
    "confused_with": {
      "diemTN": 1
    }
  },
  "sp": {
    "precision": 1.0,
    "recall": 1.0,
    "f1-score": 1.0,
    "support": 2,
    "confused_with": {}
  },
  "ten": {
    "precision": 1.0,
    "recall": 1.0,
    "f1-score": 1.0,
    "support": 2,
    "confused_with": {}
  },
  "attt": {
    "precision": 1.0,
    "recall": 1.0,
    "f1-score": 1.0,
    "support": 18,
    "confused_with": {}
  },
  "khong": {
    "precision": 1.0,
    "recall": 0.7857142857142857,
    "f1-score": 0.88,
    "support": 14,
    "confused_with": {
      "diemTN": 1
    }
  },
  "diem": {
    "precision": 1.0,
    "recall": 1.0,
    "f1-score": 1.0,
    "support": 8,
    "confused_with": {}
  },
  "bkhcm": {
    "precision": 1.0,
    "recall": 1.0,
    "f1-score": 1.0,
    "support": 44,
    "confused_with": {}
  },
  "food": {
    "precision": 1.0,
    "recall": 1.0,
    "f1-score": 1.0,
    "support": 9,
    "confused_with": {}
  },
  "ptit1": {
    "precision": 1.0,
    "recall": 1.0,
    "f1-score": 1.0,
    "support": 12,
    "confused_with": {}
  },
  "dt": {
    "precision": 1.0,
    "recall": 1.0,
    "f1-score": 1.0,
    "support": 3,
    "confused_with": {}
  },
  "google": {
    "precision": 1.0,
    "recall": 1.0,
    "f1-score": 1.0,
    "support": 2,
    "confused_with": {}
  },
  "diemTN": {
    "precision": 0.7142857142857143,
    "recall": 1.0,
    "f1-score": 0.8333333333333333,
    "support": 5,
    "confused_with": {}
  },
  "khu_vuc_hcm": {
    "precision": 1.0,
    "recall": 1.0,
    "f1-score": 1.0,
    "support": 5,
    "confused_with": {}
  },
  "khtn": {
    "precision": 1.0,
    "recall": 1.0,
    "f1-score": 1.0,
    "support": 6,
    "confused_with": {}
  },
  "ptit2": {
    "precision": 1.0,
    "recall": 1.0,
    "f1-score": 1.0,
    "support": 138,
    "confused_with": {}
  },
  "spkt": {
    "precision": 1.0,
    "recall": 1.0,
    "f1-score": 1.0,
    "support": 18,
    "confused_with": {}
  },
  "qghn": {
    "precision": 1.0,
    "recall": 1.0,
    "f1-score": 1.0,
    "support": 12,
    "confused_with": {}
  },
  "soThich": {
    "precision": 1.0,
    "recall": 1.0,
    "f1-score": 1.0,
    "support": 14,
    "confused_with": {}
  },
  "dhcntt": {
    "precision": 1.0,
    "recall": 1.0,
    "f1-score": 1.0,
    "support": 6,
    "confused_with": {}
  },
  "micro avg": {
    "precision": 0.9957537154989384,
    "recall": 0.9791231732776617,
    "f1-score": 0.9873684210526316,
    "support": 479
  },
  "macro avg": {
    "precision": 0.9880952380952381,
    "recall": 0.9771825396825395,
    "f1-score": 0.9797222222222223,
    "support": 479
  },
  "weighted avg": {
    "precision": 0.9970175961825231,
    "recall": 0.9791231732776617,
    "f1-score": 0.9859846903270704,
    "support": 479
  },
  "accuracy": 0.9929278642149929
}