{
  "goodbye": {
    "precision": 1.0,
    "recall": 1.0,
    "f1-score": 1.0,
    "support": 10,
    "confused_with": {}
  },
  "mood_great": {
    "precision": 1.0,
    "recall": 1.0,
    "f1-score": 1.0,
    "support": 14,
    "confused_with": {}
  },
  "xem_ket_qua_thi": {
    "precision": 1.0,
    "recall": 1.0,
    "f1-score": 1.0,
    "support": 1,
    "confused_with": {}
  },
  "hoi_top_truong": {
    "precision": 1.0,
    "recall": 1.0,
    "f1-score": 1.0,
    "support": 3,
    "confused_with": {}
  },
  "quyen_uu_tien": {
    "precision": 1.0,
    "recall": 1.0,
    "f1-score": 1.0,
    "support": 1,
    "confused_with": {}
  },
  "search_google": {
    "precision": 1.0,
    "recall": 1.0,
    "f1-score": 1.0,
    "support": 1,
    "confused_with": {}
  },
  "hoi_diem_chuan": {
    "precision": 1.0,
    "recall": 1.0,
    "f1-score": 1.0,
    "support": 1,
    "confused_with": {}
  },
  "chao": {
    "precision": 1.0,
    "recall": 1.0,
    "f1-score": 1.0,
    "support": 2,
    "confused_with": {}
  },
  "diem_can_de_do_truong": {
    "precision": 1.0,
    "recall": 1.0,
    "f1-score": 1.0,
    "support": 18,
    "confused_with": {}
  },
  "doi_nguyen_vong": {
    "precision": 1.0,
    "recall": 1.0,
    "f1-score": 1.0,
    "support": 9,
    "confused_with": {}
  },
  "deny": {
    "precision": 1.0,
    "recall": 1.0,
    "f1-score": 1.0,
    "support": 7,
    "confused_with": {}
  },
  "order_pizza": {
    "precision": 1.0,
    "recall": 1.0,
    "f1-score": 1.0,
    "support": 5,
    "confused_with": {}
  },
  "hoi_nganh": {
    "precision": 0.75,
    "recall": 1.0,
    "f1-score": 0.8571428571428571,
    "support": 6,
    "confused_with": {}
  },
  "dong_y": {
    "precision": 1.0,
    "recall": 0.9285714285714286,
    "f1-score": 0.962962962962963,
    "support": 14,
    "confused_with": {
      "inform_diem_trac_nghiem": 1
    }
  },
  "hoi_co_ban_2": {
    "precision": 1.0,
    "recall": 1.0,
    "f1-score": 1.0,
    "support": 4,
    "confused_with": {}
  },
  "inform_nganh": {
    "precision": 1.0,
    "recall": 0.7857142857142857,
    "f1-score": 0.88,
    "support": 14,
    "confused_with": {
      "hoi_nganh": 2,
      "so_thich": 1
    }
  },
  "so_thich": {
    "precision": 0.875,
    "recall": 1.0,
    "f1-score": 0.9333333333333333,
    "support": 7,
    "confused_with": {}
  },
  "test_nghe_nghiep": {
    "precision": 1.0,
    "recall": 1.0,
    "f1-score": 1.0,
    "support": 5,
    "confused_with": {}
  },
  "affirm": {
    "precision": 1.0,
    "recall": 1.0,
    "f1-score": 1.0,
    "support": 6,
    "confused_with": {}
  },
  "khong_dong_y": {
    "precision": 1.0,
    "recall": 0.8888888888888888,
    "f1-score": 0.9411764705882353,
    "support": 9,
    "confused_with": {
      "inform_diem_trac_nghiem": 1
    }
  },
  "inform_diem_trac_nghiem": {
    "precision": 0.7142857142857143,
    "recall": 1.0,
    "f1-score": 0.8333333333333333,
    "support": 5,
    "confused_with": {}
  },
  "tieng_viet": {
    "precision": 0.8888888888888888,
    "recall": 0.8888888888888888,
    "f1-score": 0.8888888888888888,
    "support": 9,
    "confused_with": {
      "greet": 1
    }
  },
  "xung_ten": {
    "precision": 1.0,
    "recall": 1.0,
    "f1-score": 1.0,
    "support": 2,
    "confused_with": {}
  },
  "hoi_khoi_thi_cua_nganh": {
    "precision": 1.0,
    "recall": 1.0,
    "f1-score": 1.0,
    "support": 3,
    "confused_with": {}
  },
  "hoi_thi_nang_luc": {
    "precision": 1.0,
    "recall": 1.0,
    "f1-score": 1.0,
    "support": 7,
    "confused_with": {}
  },
  "hoi_truong_theo_nganh": {
    "precision": 1.0,
    "recall": 1.0,
    "f1-score": 1.0,
    "support": 3,
    "confused_with": {}
  },
  "mood_unhappy": {
    "precision": 1.0,
    "recall": 1.0,
    "f1-score": 1.0,
    "support": 14,
    "confused_with": {}
  },
  "inform_food": {
    "precision": 1.0,
    "recall": 1.0,
    "f1-score": 1.0,
    "support": 4,
    "confused_with": {}
  },
  "inform_diem_va_nganh": {
    "precision": 1.0,
    "recall": 1.0,
    "f1-score": 1.0,
    "support": 8,
    "confused_with": {}
  },
  "khong_biet_chon_nganh_nao": {
    "precision": 1.0,
    "recall": 1.0,
    "f1-score": 1.0,
    "support": 11,
    "confused_with": {}
  },
  "greet": {
    "precision": 0.9375,
    "recall": 0.9375,
    "f1-score": 0.9375,
    "support": 16,
    "confused_with": {
      "tieng_viet": 1
    }
  },
  "hoi_co_ban": {
    "precision": 1.0,
    "recall": 1.0,
    "f1-score": 1.0,
    "support": 4,
    "confused_with": {}
  },
  "hoi_nganh_hot": {
    "precision": 1.0,
    "recall": 1.0,
    "f1-score": 1.0,
    "support": 5,
    "confused_with": {}
  },
  "choose_option": {
    "precision": 1.0,
    "recall": 1.0,
    "f1-score": 1.0,
    "support": 1,
    "confused_with": {}
  },
  "bot_challenge": {
    "precision": 1.0,
    "recall": 1.0,
    "f1-score": 1.0,
    "support": 4,
    "confused_with": {}
  },
  "thong_tin_tuyen_sinh_cua_truong": {
    "precision": 0.8888888888888888,
    "recall": 1.0,
    "f1-score": 0.9411764705882353,
    "support": 8,
    "confused_with": {}
  },
  "giay_to_can_de_du_thi": {
    "precision": 1.0,
    "recall": 1.0,
    "f1-score": 1.0,
    "support": 1,
    "confused_with": {}
  },
  "order_food": {
    "precision": 1.0,
    "recall": 1.0,
    "f1-score": 1.0,
    "support": 3,
    "confused_with": {}
  },
  "tuyen_sinh_truong": {
    "precision": 1.0,
    "recall": 0.8333333333333334,
    "f1-score": 0.9090909090909091,
    "support": 6,
    "confused_with": {
      "thong_tin_tuyen_sinh_cua_truong": 1
    }
  },
  "inform_diem": {
    "precision": 1.0,
    "recall": 1.0,
    "f1-score": 1.0,
    "support": 6,
    "confused_with": {}
  },
  "thi_sinh_tu_do": {
    "precision": 1.0,
    "recall": 1.0,
    "f1-score": 1.0,
    "support": 3,
    "confused_with": {}
  },
  "cac_phuong_thuc_xet_tuyen": {
    "precision": 1.0,
    "recall": 1.0,
    "f1-score": 1.0,
    "support": 1,
    "confused_with": {}
  },
  "khoi_thi": {
    "precision": 1.0,
    "recall": 1.0,
    "f1-score": 1.0,
    "support": 5,
    "confused_with": {}
  },
  "thanks": {
    "precision": 1.0,
    "recall": 1.0,
    "f1-score": 1.0,
    "support": 5,
    "confused_with": {}
  },
  "inform_truong": {
    "precision": 1.0,
    "recall": 1.0,
    "f1-score": 1.0,
    "support": 33,
    "confused_with": {}
  },
  "accuracy": 0.9736842105263158,
  "macro avg": {
    "precision": 0.9789902998236332,
    "recall": 0.9836199294532627,
    "f1-score": 0.9796578939095278,
    "support": 304
  },
  "weighted avg": {
    "precision": 0.9779853279030911,
    "recall": 0.9736842105263158,
    "f1-score": 0.9740094871015925,
    "support": 304
  },
  "micro avg": {
    "precision": 0.9736842105263158,
    "recall": 0.9736842105263158,
    "f1-score": 0.9736842105263158,
    "support": 304
  }
}